id;post_code;post_name;order_num;remark;enable;create_by;create_date;last_modify_by;last_modify_date
1;750786;solid Synergized Account;64531;Architect optical Rubber;false;Realigned Dollar azure;2021-05-31T01:15:26;modular 吉林省 江西省;2021-05-30T20:28:16
2;837942;drive Licensed 巷;53923;wireless;true;Mexico;2021-05-30T02:46:41;withdrawal Unbranded FTP;2021-05-30T07:46:34
3;591047;贵州省;74476;executive Dollar;false;Gabon standardization Berkshire;2021-05-30T05:47:44;Optimization;2021-05-30T14:38:55
4;205644;Salad 天津市 JSON;61909;multi-state;false;巷 overriding Chief;2021-05-30T12:28:03;synergistic calculating;2021-05-30T17:43:16
5;347621;Directives Chair discrete;21752;Assistant array;true;exploit;2021-05-31T00:23:00;Open-architected Gorgeous Auto;2021-05-30T17:22:36
6;783613;multi-byte 1080p Investment;44357;Customer;false;metrics;2021-05-30T14:32:15;hack Architect bandwidth;2021-05-30T05:21:04
7;842385;Planner AI Israel;60934;web-enabled SMS;true;Brand;2021-05-30T05:37:08;Mouse Ball;2021-05-30T18:35:12
8;086590;indexing dynamic Auto;37865;system Account support;false;benchmark Jewelery;2021-05-30T14:06:23;侬 Borders open-source;2021-05-30T12:53:47
9;559968;Saint Cheese;9897;Buckinghamshire deposit;false;Product Books;2021-05-30T17:40:56;Concrete Car;2021-05-30T10:20:40
10;646362;synthesizing multi-byte HTTP;41749;PCI hacking XSS;false;Kids Producer;2021-05-30T21:59:05;Direct withdrawal;2021-05-30T20:14:41
