id;img_content;img_content_content_type;img_title;img_desc;order_num;last_modify_date;last_modify_by
1;../fake-data/blob/hipster.png;image/png;deposit Tajikistan bus;Bacon;69075;2021-05-17T08:07:36;Cotton 广西省
2;../fake-data/blob/hipster.png;image/png;Chips Bedfordshire 宁夏;database quantify uniform;24028;2021-05-16T17:09:48;Frozen deposit Buckinghamshire
3;../fake-data/blob/hipster.png;image/png;Berkshire Account systemic;red;61753;2021-05-16T20:31:10;input
4;../fake-data/blob/hipster.png;image/png;Island 旁;solutions Applications Director;97606;2021-05-16T21:55:43;Principal Avon SMTP
5;../fake-data/blob/hipster.png;image/png;Keyboard web-enabled 旁;Savings RSS;92327;2021-05-17T09:16:33;program Pants
6;../fake-data/blob/hipster.png;image/png;e-services multi-byte COM;Pa'anga system connecting;13965;2021-05-17T04:31:47;Quetzal Engineer
7;../fake-data/blob/hipster.png;image/png;feed;栋 deposit;49632;2021-05-17T07:31:33;西藏 Shoes
8;../fake-data/blob/hipster.png;image/png;task-force Wooden sensor;Silver Regional;38257;2021-05-16T16:14:06;Bedfordshire static
9;../fake-data/blob/hipster.png;image/png;Markets Chile empowering;Mouse hack Handmade;92966;2021-05-17T00:46:10;Electronics
10;../fake-data/blob/hipster.png;image/png;International Frozen;Barthelemy Tactics;65123;2021-05-17T02:28:43;Borders
