id;name;phone_num;car_plate_num;start_time;end_time;passwd;face_image;face_image_content_type;which_entrance
1;Human Music;next-generation RSS;Hat 宁夏;2021-05-27T20:13:47;2021-05-28T01:41:34;project Card Technician;../fake-data/blob/hipster.png;image/png;withdrawal withdrawal
2;Avon Refined;河南省 Rubber Sleek;CFP interface Officer;2021-05-27T11:22:38;2021-05-27T07:40:00;Refined Chair clicks-and-mortar;../fake-data/blob/hipster.png;image/png;action-items Account
3;Greenland logistical;copy;Account 重庆市 Concrete;2021-05-27T16:13:51;2021-05-27T08:36:18;compressing context-sensitive;../fake-data/blob/hipster.png;image/png;Nakfa
4;primary;program transmit Seychelles;Internal holistic empowering;2021-05-28T01:41:31;2021-05-27T18:06:33;Car;../fake-data/blob/hipster.png;image/png;Platinum frictionless Books
5;compressing;next Soap Buckinghamshire;optimize Refined services;2021-05-27T08:39:51;2021-05-27T16:16:44;Outdoors EXE withdrawal;../fake-data/blob/hipster.png;image/png;benchmark
6;Applications card Forward;International;IB Gloves;2021-05-27T18:01:50;2021-05-28T02:20:00;synthesizing Nakfa 河南省;../fake-data/blob/hipster.png;image/png;database
7;Berkshire;Hat;firewall XSS Bedfordshire;2021-05-28T02:12:17;2021-05-28T06:35:11;Factors networks;../fake-data/blob/hipster.png;image/png;Infrastructure
8;indexing Global implement;calculating Salad;Rustic;2021-05-28T00:48:27;2021-05-27T19:31:26;Distributed Investment firewall;../fake-data/blob/hipster.png;image/png;Credit
9;贵州省 multi-byte Director;holistic;matrix Fish Handcrafted;2021-05-27T12:10:55;2021-05-27T14:04:18;Account Fresh Cambridgeshire;../fake-data/blob/hipster.png;image/png;fuchsia
10;Beauty;input bandwidth;Granite networks;2021-05-28T02:40:42;2021-05-27T08:48:11;Handcrafted Kuwait;../fake-data/blob/hipster.png;image/png;impactful Savings
