id;img_group_name;order_num;last_modify_date;last_modify_by
1;compress Savings;54324;2021-05-17T18:57:24;Rubber Rustic
2;Orchestrator transparent invoice;41969;2021-05-17T11:31:41;Graphical 路 Licensed
3;scalable Dominica Computers;64332;2021-05-17T14:34:24;Cambridgeshire Music
4;generating primary Applications;10300;2021-05-17T06:10:55;BCEAO innovative
5;Frozen Loan;79507;2021-05-17T18:55:32;Sausages revolutionize orange
6;real-time Tools process;95660;2021-05-17T14:33:27;Rupee panel Loan
7;Gloves 天津市 connecting;46260;2021-05-17T14:23:23;Manager transmitting Fresh
8;Designer Director Sports;13847;2021-05-17T19:57:33;THX content
9;Bedfordshire;2472;2021-05-17T18:53:27;Practical
10;Real Unbranded virtual;33218;2021-05-17T02:16:30;monitor withdrawal Optimization
