id;state;card_num;expire_time;delay_time;last_modified_by;last_modified_date
1;99199;multi-byte;2021-05-27T16:50:12;8665;cross-platform Table sexy;2021-05-27T19:04:54
2;61989;CSS Metal;2021-05-27T21:03:14;77819;homogeneous content Avon;2021-05-28T05:24:48
3;53872;Practical;2021-05-27T22:30:44;65333;seize;2021-05-27T11:03:04
4;15717;facilitate Shoes;2021-05-28T07:02:39;90330;Small;2021-05-28T04:39:20
5;79955;Communications Ethiopian;2021-05-28T01:29:26;70398;Data leverage;2021-05-27T15:42:32
6;72665;access Rustic monitor;2021-05-28T06:04:48;15693;贵州省;2021-05-28T01:44:33
7;69779;benchmark;2021-05-27T14:06:45;77661;Operative transmitting integrate;2021-05-27T23:20:39
8;53037;back;2021-05-28T04:20:19;94521;array hack;2021-05-28T04:45:46
9;94644;software seamless Health;2021-05-28T03:18:34;1301;compressing Polarised architecture;2021-05-28T06:21:50
10;12976;payment engineer;2021-05-28T02:59:33;16622;Cambridgeshire;2021-05-27T16:34:40
